t,x,xdot,xddot,drag_aero,drag_hover,drag_brake,drag_ski,brakegap,Fload_brakes
0,0,0,0,-0,-0,-0,-0,25,0
0.01,7.48592970521542e-05,0.0149718594104308,1.49718594104308,-0,-0,-0,-0.0473816573860261,25,-2.59951221113719
0.02,0.000299209387579752,0.0298981586950888,1.49262992846579,-1.14691738003888e-09,-0.000373796044261652,-9.34656290808166e-05,-0.0473788199049396,25,-2.77700875404931
0.03,0.000672596087051771,0.044779181199315,1.48810225042262,-4.57371963030124e-09,-0.000745427398307964,-0.000186196533029265,-0.0473759912276012,25,-2.95380445530783
0.04,0.00119456803117021,0.0596152076243718,1.48360264250567,-1.0259659546768e-08,-0.00111491313792389,-0.000278200664951467,-0.0473731712987624,25,-3.12987963433034
0.05,0.00186467664959404,0.0744065160603957,1.47913084360239,-1.81842241009677e-08,-0.00148227211243395,-0.000369485867742903,-0.0473703600636935,25,-3.30521621968719
0.06,0.00268247613999021,0.089153382018838,1.47468659584423,-2.8327131155297e-08,-0.00184752294808535,-0.000460059875951042,-0.0473675574681767,25,-3.47979763842749
0.07,0.0036475234424064,0.1038560784644,1.47026964455623,-4.06683262339591e-08,-0.00221068405137014,-0.000549930317600815,-0.0473647634585002,25,-3.6536087139565
0.08,0.00475937821396078,0.118514875846476,1.46587973820754,-5.51879793484154e-08,-0.00257177361228771,-0.000639104715983802,-0.0473619779814517,25,-3.82663557170151
0.09,0.00601760280384368,0.133130042130105,1.46151662836291,-7.18664818762667e-08,-0.00293080960754898,-0.000727590491411959,-0.047359200984312,25,-3.99886555188091
0.1,0.00742176222862648,0.147701842826455,1.457180069635,-9.06844434925088e-08,-0.00328780980372334,-0.000815394962936697,-0.0473564324148492,25,-4.17028712876006
0.11,0.00897142414787291,0.162230541022832,1.45286981963767,-1.11622689152128e-07,-0.00364279176032976,-0.000902525350034113,-0.0473536722213126,25,-4.34088983583877
0.12,0.0106661588400482,0.176716397412232,1.44858563894002,-1.34662256123032e-07,-0.00399577283287299,-0.000988988774257094,-0.0473509203524267,25,-4.5106641964693
0.13,0.0125055391787216,0.191159670322445,1.44432729102133,-1.59784391068315e-07,-0.00434677017582624,-0.00107479226085513,-0.0473481767573856,25,-4.67960165945227
0.14,0.0144891406090574,0.205560615744714,1.44009454222686,-1.86970547176922e-07,-0.00469580074556106,-0.00115994274036245,-0.047345441385847,25,-4.84769453920082
0.15,0.0166165411245908,0.219919487361958,1.43588716172441,-2.1620238134173e-07,-0.00504288130322606,-0.00124444705015534,-0.0473427141879266,25,-5.01493596010191
0.16,0.0188873212442834,0.234236536576574,1.43170492146162,-2.47461751384163e-07,-0.00538802841757504,-0.00132831193597916,-0.0473399951141929,25,-5.18131980473793
0.17,0.0213010639898554,0.248512012537816,1.42754759612418,-2.80730713324411e-07,-0.00573125846774571,-0.00141154405344587,-0.0473372841156612,25,-5.34684066566277
0.18,0.0238573548633883,0.262746162168762,1.42341496309465,-3.15991518696392e-07,-0.00607258764599018,-0.00149414996950269,-0.0473345811437885,25,-5.51149380045393
0.19,0.0265557818251965,0.276939230192884,1.41930680241214,-3.53226611906581e-07,-0.00641203196035801,-0.00157613616387254,-0.0473318861504682,25,-5.67527508978734
0.2,0.029395935271962,0.29109145916021,1.41522289673263,-3.92418627635875e-07,-0.00674960723733281,-0.00165750903046676,-0.0473291990880248,25,-5.83818099830351
0.21,0.0323774080151286,0.30520308947311,1.41116303129002,-4.33550388283662e-07,-0.00708532912442332,-0.001738274878771,-0.0473265199092089,25,-6.0002085380543
0.22,0.0354997952595525,0.319274359411689,1.40712699385792,-4.76604901453296e-07,-0.00741921309271008,-0.00181843993520458,-0.0473238485671918,25,-6.16135523433717
0.23,0.038762694582405,0.33330550515881,1.40311457471209,-5.21565357478185e-07,-0.0077512744393483,-0.00189801034445404,-0.0473211850155607,25,-6.32161909374062
0.24,0.0421657059123228,0.347296760824745,1.3991255665935,-5.68415126987719e-07,-0.00808152829002788,-0.00197699217078148,-0.0473185292083139,25,-6.48099857423898
0.25,0.0457084315088039,0.361248358471467,1.39515976467214,-6.17137758512294e-07,-0.00840998960139181,-0.00205539139930817,-0.0473158810998558,25,-6.6394925571887
0.26,0.0493904759418441,0.37516052813658,1.39121696651135,-6.67716976126685e-07,-0.00873667316341298,-0.00213321393727392,-0.047313240644992,25,-6.79710032108956
0.27,0.0532114460718116,0.389033497856909,1.38729697203293,-7.20136677131052e-07,-0.00906159360173124,-0.00221046561527295,-0.0473106077989248,25,-6.95382151698633
0.28,0.0571709510295548,0.402867493691736,1.3833995834827,-7.74380929768869e-07,-0.00938476537995052,-0.00228715218846645,-0.0473079825172486,25,-7.10965614539563
0.29,0.061268602196742,0.416662739745704,1.37952460539676,-8.30433970981093e-07,-0.00970620280189753,-0.00236327933777266,-0.0473053647559451,25,-7.26460453465215
0.3,0.0655040131864275,0.430419458191387,1.37567184456833,-8.88280204195889e-07,-0.0100259200138425,-0.00243885267103467,-0.0473027544713789,25,-7.4186673205769
0.31,0.0698767998238421,0.444137869291538,1.37184111001512,-9.47904197153249e-07,-0.0103439310066823,-0.00251387772416665,-0.0473001516202931,25,-7.57184542737745
0.32,0.0743865801274048,0.457818191421012,1.36803221294735,-1.00929067976387e-06,-0.0106602496180882,-0.00258835996227881,-0.0472975561598048,25,-7.72414004969719
0.33,0.0790329742899518,0.471460641088374,1.36424496673619,-1.07242454200166e-06,-0.0109748895346163,-0.0026623047807816,-0.047294968047401,25,-7.87555263573687
0.34,0.0838156046601797,0.485065432957203,1.36047918688288,-1.1372908318292e-06,-0.0112878642937842,-0.00273571750646963,-0.0472923872409343,25,-8.02608487137762
0.35,0.0887340957243011,0.498632779867086,1.35673469098833,-1.20387475315564e-06,-0.0115991872861127,-0.00280860339858566,-0.0472898136986184,25,-8.17573866523979
0.36,0.0937880740879081,0.512162892854318,1.35301129872319,-1.27216166382639e-06,-0.0119088717571339,-0.00288096764986515,-0.0472872473790243,25,-8.32451613461685
0.37,0.0989771684580412,0.525655981172303,1.34930883179848,-1.342137073644e-06,-0.0122169308093665,-0.00295281538756176,-0.0472846882410762,25,-8.47241959222797
0.38,0.104301009625461,0.53911225231167,1.34562711393677,-1.41378664241971e-06,-0.012523377404258,-0.00302415167445415,-0.0472821362440474,25,-8.61945153373726
0.39,0.10975923044712,0.552531912020107,1.34196597084371,-1.48709617805509e-06,-0.0128282243640958,-0.00309498150983459,-0.0472795913475562,25,-8.76561462599091
0.4,0.11535146582883,0.565915164321909,1.3383252301802,-1.56205163465319e-06,-0.013131484373887,-0.0031653098304796,-0.0472770535115625,25,-8.9109116959274
0.41,0.121077352708126,0.579262211537259,1.33470472153491,-1.63863911065877e-06,-0.013433169983207,-0.00323514151160314,-0.0472745226963632,25,-9.0553457201188
0.42,0.126936530037318,0.592573254301232,1.33110427639734,-1.71684484702692e-06,-0.0137332936080189,-0.00330448136779265,-0.0472719988625892,25,-9.19891981490432
0.43,0.132928638766737,0.605848491582545,1.32752372813126,-1.79665522541978e-06,-0.0140318675324632,-0.00337333415392826,-0.0472694819712011,25,-9.34163722707971
0.44,0.13905332182816,0.619088120702031,1.32396291194866,-1.8780567664306e-06,-0.0143289039106179,-0.00344170456608561,-0.0472669719834857,25,-9.48350132510895
0.45,0.145310224118425,0.632292337350873,1.32042166488414,-1.96103612783486e-06,-0.0146244147682316,-0.00350959724242251,-0.0472644688610525,25,-9.62451559082659
0.46,0.151698992483222,0.645461335608569,1.31689982576964,-2.04558010286792e-06,-0.0149184120044276,-0.00357701676404987,-0.0472619725658298,25,-9.76468361160143
0.47,0.158219275701068,0.658595307960665,1.31339723520966,-2.13167561852859e-06,-0.0152109073933814,-0.00364396765588715,-0.0472594830600615,25,-9.90400907293423
0.48,0.164870724467453,0.671694445316234,1.3099137355569,-2.21930973390837e-06,-0.0155019125859709,-0.0037104543875027,-0.0472570003063033,25,-10.0424957514638
0.49,0.171652991379159,0.684758937025117,1.30644917088827,-2.3084696385458e-06,-0.0157914391114012,-0.00377648137393925,-0.0472545242674198,25,-10.1801475083574
0.5,0.17856573091876,0.69778897089493,1.30300338698128,-2.39914265080537e-06,-0.0160794983788023,-0.00384205297652487,-0.0472520549065802,25,-10.3169682830638
0.51,0.185608599439273,0.710784733207839,1.29957623129088,-2.49131621628083e-06,-0.016366101678803,-0.00390717350366977,-0.047249592187256,25,-10.4529620874069
0.52,0.192781255148998,0.723746408737105,1.29616755292658,-2.58497790622219e-06,-0.0166512601850788,-0.00397184721164902,-0.0472471360732169,25,-10.5881330000018
0.53,0.200083358096501,0.736674180763405,1.29277720263007,-2.68011541598618e-06,-0.0169349849558755,-0.00403607830537177,-0.047244686528528,25,-10.7224851609735
0.54,0.207514570155772,0.749568231090936,1.28940503275309,-2.77671656350966e-06,-0.0172172869355102,-0.00409987093913696,-0.0472422435175463,25,-10.8560227669621
0.55,0.215074555011544,0.762428740063294,1.28605089723573,-2.87476928780566e-06,-0.0174981769558467,-0.00416322921737594,-0.0472398070049179,25,-10.9887500663988
0.56,0.222762978144756,0.775255886579144,1.28271465158503,-2.97426164748158e-06,-0.0177776657377496,-0.00422615719538229,-0.0472373769555744,25,-11.1206713550358
0.57,0.23057950681819,0.788049848107684,1.27939615285399,-3.0751818192792e-06,-0.018055763892515,-0.00428865888002897,-0.0472349533347303,25,-11.2517909717176
0.58,0.238523810062248,0.800810800703892,1.27609525962086,-3.17751809663617e-06,-0.0183324819232792,-0.00435073823047316,-0.0472325361078796,25,-11.3821132943802
0.59,0.246595558660885,0.81353891902358,1.27281183196879,-3.2812588882685e-06,-0.018607830226405,-0.00441239915884897,-0.0472301252407929,25,-11.5116427362651
0.6,0.254794425137694,0.826234376338238,1.26954573146577,-3.38639271677383e-06,-0.0188818190928475,-0.00447364553094834,-0.0472277206995148,25,-11.6403837423364
0.61,0.263120083742134,0.838897344549688,1.26629682114498,-3.49290821725496e-06,-0.0191544587094985,-0.0045344811668902,-0.0472253224503602,25,-11.7683407858905
0.62,0.271572210435905,0.851527994204541,1.26306496548534,-3.60079413596347e-06,-0.0194257591605095,-0.00459490984177836,-0.0472229304599122,25,-11.895518365348
0.63,0.28015048287947,0.864126494508466,1.25985003039245,-3.71003932896291e-06,-0.0196957304285957,-0.00465493528634814,-0.047220544695019,25,-12.0219210012174
0.64,0.288854580418714,0.876693013340263,1.25665188317977,-3.82063276081144e-06,-0.0199643823963194,-0.00471456118760206,-0.0472181651227908,25,-12.1475532332219
0.65,0.297684184071744,0.889227717265765,1.25347039255018,-3.9325635032633e-06,-0.0202317248473533,-0.00477379118943478,-0.0472157917105975,25,-12.2724196175803
0.66,0.30663897651583,0.901730771551543,1.25030542857775,-4.04582073398914e-06,-0.0204977674677256,-0.00483262889324751,-0.0472134244260656,25,-12.3965247244349
0.67,0.31571864207448,0.914202340178441,1.24715686268983,-4.16039373531455e-06,-0.020762519847046,-0.00489107785855211,-0.0472110632370758,25,-12.5198731354169
0.68,0.324922866704647,0.926642585854935,1.24402456764941,-4.27627189297675e-06,-0.0210259914797122,-0.00494914160356499,-0.0472087081117601,25,-12.6424694413435
0.69,0.334251337984073,0.939051670030313,1.24090841753782,-4.39344469489902e-06,-0.0212881917660995,-0.00500682360579119,-0.0472063590184992,25,-12.7643182400393
0.7,0.343703745098763,0.951429752907689,1.23780828773755,-4.51190172998248e-06,-0.0215491300137319,-0.00506412730259858,-0.0472040159259203,25,-12.8854241342761
0.71,0.353279778830586,0.963776993456844,1.23472405491552,-4.6316326869152e-06,-0.0218088154384353,-0.00512105609178263,-0.0472016788028938,25,-13.0057917298234
0.72,0.362979131545005,0.976093549426909,1.23165559700646,-4.75262735299803e-06,-0.0220672571654739,-0.0051776133321217,-0.0471993476185317,25,-13.1254256336065
0.73,0.372801497178934,0.988379577358875,1.22860279319665,-4.87487561298711e-06,-0.0223244642306698,-0.00523380234392323,-0.0471970223421842,25,-13.2443304519641
0.74,0.382746571228718,1.00063523259795,1.22556552390785,-4.9983674479527e-06,-0.0225804455815053,-0.00528962640956082,-0.0471947029434378,25,-13.3625107890018
0.75,0.392814050738236,1.01286066930577,1.22254367078149,-5.123092934154e-06,-0.0228352100782093,-0.00534508877400257,-0.0471923893921129,25,-13.4799712450363
0.76,0.403003634287127,1.0250560404724,1.21953711666312,-5.24904224192985e-06,-0.0230887664948273,-0.00540019264533059,-0.0471900816582611,25,-13.5967164151258
0.77,0.413315021979131,1.03722149792827,1.21654574558707,-5.37620563460482e-06,-0.0233411235202762,-0.00545494119525219,-0.0471877797121629,25,-13.7127508876817
0.78,0.423747915430551,1.04935719235588,1.21356944276141,-5.50457346741076e-06,-0.0235922897593825,-0.00550933755960251,-0.0471854835243256,25,-13.8280792431584
0.79,0.434302017758838,1.06146327330141,1.21060809455301,-5.63413618642316e-06,-0.0238422737339063,-0.00556338483883915,-0.0471831930654808,25,-13.9427060528166
0.8,0.444977033571276,1.07353988918614,1.20766158847299,-5.76488432751246e-06,-0.0240910838835494,-0.00561708609852857,-0.0471809083065821,25,-14.0566358775564
0.810000000000001,0.455772668953795,1.08558718731777,1.20472981316225,-5.8968085153098e-06,-0.0243387285669497,-0.00567044436982477,-0.047178629218803,25,-14.1698732668174
0.820000000000001,0.466688631459892,1.09760531390154,1.2018126583773,-6.0298994621871e-06,-0.0245852160626597,-0.00572346264994009,-0.0471763557735347,25,-14.2824227575416
0.830000000000001,0.477724630099656,1.1095944140513,1.19891001497627,-6.16414796725119e-06,-0.0248305545701121,-0.00577614390260846,-0.0471740879423835,25,-14.394288873197
0.840000000000001,0.488880375328914,1.12155463180035,1.19602177490516,-6.29954491535183e-06,-0.0250747522105705,-0.00582849105854127,-0.0471718256971692,25,-14.5054761228575
0.850000000000001,0.500155579038477,1.1334861101122,1.19314783118426,-6.43608127610325e-06,-0.0253178170280668,-0.00588050701587573,-0.0471695690099228,25,-14.6159890003375
0.860000000000001,0.511549954543494,1.14538899089114,1.19028807789479,-6.57374810291921e-06,-0.0255597569903246,-0.00593219464061627,-0.047167317852884,25,-14.7258319833787
0.870000000000001,0.523063216572913,1.1572634149928,1.18744241016573,-6.71253653206112e-06,-0.0258005799896699,-0.00598355676706871,-0.0471650721984996,25,-14.8350095328851
0.880000000000001,0.53469508125905,1.16910952223441,1.1846107241609,-6.85243778169925e-06,-0.0260402938439283,-0.00603459619826757,-0.0471628320194214,25,-14.943526092205
0.890000000000001,0.546445266127247,1.18092745140507,1.18179291706611,-6.99344315098661e-06,-0.0262789062973093,-0.00608531570639666,-0.0471605972885039,25,-15.0513860864578
0.900000000000001,0.558313490085651,1.19271734027584,1.17898888707666,-7.13554401914543e-06,-0.0265164250212782,-0.00613571803320283,-0.0471583679788024,25,-15.1585939219023
0.910000000000001,0.570299473415079,1.20447932560969,1.17619853338489,-7.27873184456602e-06,-0.0267528576154152,-0.00618580589040336,-0.047156144063571,25,-15.265153985346
0.920000000000001,0.582402937758984,1.21621354317137,1.17342175616798,-7.42299816391775e-06,-0.0269882116082628,-0.00623558196008677,-0.047153925516261,25,-15.3710706435921
0.930000000000001,0.594623606113527,1.22792012773713,1.17065845657591,-7.56833459127206e-06,-0.0272224944581609,-0.0062850488951074,-0.0471517123105183,25,-15.476348242923
0.940000000000001,0.606961202817734,1.23959921310432,1.16790853671962,-7.71473281723718e-06,-0.0274557135540696,-0.00633420931947376,-0.047149504420182,25,-15.5809911086179
0.950000000000001,0.61941545354376,1.25125093210092,1.16517189965928,-7.86218460810452e-06,-0.0276878762163812,-0.00638306582873081,-0.0471473018192826,25,-15.6850035445049
0.960000000000001,0.631986085287239,1.26287541659484,1.16244844939285,-8.01068180500646e-06,-0.0279189896977203,-0.00643162099033626,-0.0471451044820395,25,-15.7883898325419
0.970000000000001,0.64467282635773,1.27447279750329,1.15973809084465,-8.16021632308532e-06,-0.0281490611837328,-0.00647987734403099,-0.0471429123828599,25,-15.8911542324301
0.980000000000001,0.657475406369255,1.28604320480183,1.15704072985424,-8.31078015067349e-06,-0.0283780977938634,-0.00652783740220371,-0.0471407254963365,25,-15.9933009812533
0.990000000000001,0.670393556230932,1.29758676753349,1.15435627316537,-8.46236534848436e-06,-0.0286061065821229,-0.00657550365024999,-0.0471385437972458,25,-16.0948342931461
1,0.683427008137688,1.30910361381764,1.15168462841512,-8.61496404881402e-06,-0.0288330945378446,-0.00662287854692568,-0.0471363672605465,25,-16.1957583589867
1.01,0.69647739556107,1.30097387085887,-0.812974295876786,-8.76856845475351e-06,-0.0290590685864294,-0.00666996452469491,-0.0471341958613777,25,-16.2910951291618
1.02,0.709446579367758,1.29286289047862,-0.81109803802474,-8.65999819717556e-06,-0.028899604094192,-0.00663674508679777,-0.0471357286418875,25,-16.2203178556889
1.03,0.722334747129029,1.28477066177566,-0.809222870296297,-8.55235250734373e-06,-0.0287402654464979,-0.00660351349132126,-0.0471372579345764,25,-16.1495204901425
1.04,0.735142086306433,1.27669717370507,-0.807348807059384,-8.4456265699907e-06,-0.0285810537653481,-0.00657027008398728,-0.0471387837411571,25,-16.0787040613511
1.05,0.747868784250351,1.2686424150786,-0.805475862646182,-8.33981558238184e-06,-0.0284219701689968,-0.00653701521058044,-0.0471403060633707,25,-16.0078695983365
1.06,0.760515028198569,1.26060637456508,-0.803604051352728,-8.23491475435816e-06,-0.0282630157719228,-0.00650374921693503,-0.047141824902986,25,-15.9370181302792
1.07,0.773081005274848,1.25258904069069,-0.801733387438505,-8.13091930837873e-06,-0.0281041916848018,-0.00647047244892208,-0.0471433402618001,25,-15.8661506864838
1.08,0.785566902487499,1.24459040183943,-0.79986388512604,-8.02782447956256e-06,-0.027945499014478,-0.00643718525243629,-0.0471448521416377,25,-15.7952682963445
1.09,0.797972906727963,1.23661044625343,-0.797995558600507,-7.92562551572997e-06,-0.0277869388639366,-0.00640388797338309,-0.0471463605443519,25,-15.7243719893105
1.1,0.810299204769397,1.22864916203333,-0.796128422009328,-7.82431767744343e-06,-0.0276285123322761,-0.00637058095766567,-0.047147865471823,25,-15.6534627948515
1.11,0.822545983265257,1.22070653713871,-0.794262489461777,-7.7238962380479e-06,-0.0274702205146811,-0.00633726455117207,-0.0471493669259594,25,-15.5825417424235
1.12,0.834713428747893,1.21278255938843,-0.792397775028588,-7.62435648371056e-06,-0.0273120645023952,-0.00630393909976217,-0.0471508649086972,25,-15.5116098614344
1.13,0.84680172762714,1.20487721646101,-0.790534292741566,-7.52569371346013e-06,-0.027154045382694,-0.00627060494925485,-0.0471523594219998,25,-15.44066818121
1.14,0.85881106618892,1.19699049589508,-0.788672056593196,-7.42790323922555e-06,-0.026996164238859,-0.00623726244541509,-0.0471538504678584,25,-15.36971773096
1.15,0.870741630593844,1.18912238508972,-0.786811080536262,-7.33098038587423e-06,-0.0268384221501504,-0.00620391193394105,-0.0471553380482915,25,-15.2987595397435
1.16,0.882593606875817,1.18127287130488,-0.78495137848346,-7.23492049124968e-06,-0.0266808201917816,-0.00617055376045126,-0.0471568221653451,25,-15.2277946364359
1.17,0.894367180940651,1.17344194166181,-0.783092964307016,-7.13971890620867e-06,-0.0265233594348931,-0.00613718827047178,-0.0471583028210924,25,-15.1568240496946
1.18,0.906062538564677,1.16562958314343,-0.781235851838317,-7.04537099465787e-06,-0.0263660409465268,-0.00610381580942336,-0.0471597800176338,25,-15.0858488079252
1.19,0.917679865393368,1.15783578259476,-0.779380054867523,-6.9518721335899e-06,-0.0262088657896003,-0.00607043672260872,-0.0471612537570971,25,-15.0148699392486
1.2,0.929219346939958,1.15006052672332,-0.777525587143205,-6.85921771311891e-06,-0.0260518350228821,-0.00603705135519973,-0.0471627240416368,25,-14.9438884714669
1.21,0.940681168584073,1.1423038020996,-0.775672462371969,-6.76740313651559e-06,-0.0258949497009664,-0.00600366005222468,-0.0471641908734347,25,-14.8729054320302
1.22,0.952065515570358,1.13456559515742,-0.773820694218087,-6.67642382024168e-06,-0.0257382108742484,-0.00597026315855562,-0.0471656542546995,25,-14.8019218480036
1.23,0.963372573007117,1.12684589219439,-0.771970296303136,-6.58627519398395e-06,-0.0255816195888998,-0.00593686101889562,-0.0471671141876667,25,-14.7309387460337
1.24,0.974602525864951,1.11914467937234,-0.770121282205635,-6.49695270068759e-06,-0.0254251768868445,-0.00590345397776614,-0.0471685706745985,25,-14.6599571523161
1.25,0.985755558975401,1.11146194271773,-0.768273665460682,-6.40845179658917e-06,-0.0252688838057347,-0.00587004237949442,-0.0471700237177839,25,-14.588978092562
1.26,0.996831857029601,1.10379766812213,-0.766427459559598,-6.32076795124899e-06,-0.025112741378927,-0.00583662656820086,-0.0471714733195384,25,-14.5180025919658
1.27,1.00783160457692,1.09615184134264,-0.764582677949575,-6.23389664758296e-06,-0.024956750635459,-0.00580320688778647,-0.0471729194822043,25,-14.4470316751722
1.28,1.01875498602365,1.0885244480023,-0.76273933403332,-6.14783338189385e-06,-0.0248009126000259,-0.00576978368192033,-0.04717436220815,25,-14.3760663662442
1.29,1.02960218563161,1.08091547359062,-0.760897441168711,-6.06257366390216e-06,-0.0246452282929575,-0.0057363572940271,-0.0471758014997705,25,-14.3051076886299
1.3,1.04037338751689,1.07332490346393,-0.759057012668445,-5.97811301677635e-06,-0.0244896987301955,-0.00570292806727455,-0.0471772373594871,25,-14.2341566651312
1.31,1.05106877564844,1.06575272284593,-0.757218061799698,-5.89444697716254e-06,-0.0243343249232709,-0.00566949634456114,-0.0471786697897472,25,-14.163214317871
1.32,1.06168853384681,1.0581989168281,-0.755380601783786,-5.81157109521377e-06,-0.0241791078792817,-0.00563606246850358,-0.0471800987930243,25,-14.0922816682615
1.33,1.0722328457828,1.05066347037014,-0.753544645795821,-5.72948093461863e-06,-0.0240240486008708,-0.00560262678142454,-0.047181524371818,25,-14.0213597369726
1.34,1.08270189497615,1.04314636830049,-0.751710206964381,-5.64817207262945e-06,-0.0238691480862044,-0.00556918962534026,-0.0471829465286539,25,-13.9504495438998
1.35,1.09309586479424,1.03564759531678,-0.749877298371174,-5.56764010008986e-06,-0.0237144073289502,-0.00553575134194832,-0.0471843652660834,25,-13.8795521081331
1.36,1.10341493845075,1.02816713598628,-0.748045933050715,-5.48788062146195e-06,-0.0235598273182564,-0.00550231227261535,-0.0471857805866837,25,-13.8086684479252
1.37,1.11365929900441,1.02070497474638,-0.746216123989989,-5.4088892548528e-06,-0.0234054090387304,-0.00546887275836485,-0.0471871924930576,25,-13.7377995806609
1.38,1.12382912935767,1.01326109590509,-0.744387884128136,-5.33066163204052e-06,-0.0232511534704181,-0.00543543313986502,-0.0471886009878337,25,-13.6669465228252
1.39,1.13392461225541,1.00583548364153,-0.742561226356127,-5.25319339849977e-06,-0.0230970615887837,-0.00540199375741663,-0.0471900060736659,25,-13.5961102899731
1.4,1.14394593028364,0.998428122006369,-0.740736163516445,-5.17648021342678e-06,-0.0229431343646889,-0.00536855495094095,-0.0471914077532338,25,-13.5252918966988
1.41,1.15389326586829,0.991038994922341,-0.738912708402771,-5.10051774976375e-06,-0.0227893727643731,-0.00533511705996768,-0.0471928060292419,25,-13.4544923566044
1.42,1.16376680127382,0.983668086184744,-0.737090873759673,-5.02530169422286e-06,-0.0226357777494338,-0.005301680423623,-0.0471942009044205,25,-13.3837126822706
1.43,1.17356671860206,0.976315379461921,-0.735270672282293,-4.95082774730966e-06,-0.0224823502768071,-0.00526824538061758,-0.0471955923815245,25,-13.3129538852253
1.44,1.18329319979085,0.968980858295761,-0.733452116616046,-4.87709162334595e-06,-0.0223290912987481,-0.00523481226923469,-0.0471969804633343,25,-13.2422169759144
1.45,1.19294642661284,0.961664506102198,-0.731635219356312,-4.8040890504922e-06,-0.0221760017628123,-0.00520138142731836,-0.047198365152655,25,-13.1715029636716
1.46,1.2025265806742,0.954366306171717,-0.72981999304814,-4.73181577076936e-06,-0.0220230826118365,-0.00516795319226154,-0.0471997464523167,25,-13.1008128566883
1.47,1.21203384341341,0.947086241669857,-0.728006450185947,-4.66026754008023e-06,-0.021870334783921,-0.00513452790099432,-0.0472011243651743,25,-13.0301476619846
1.48,1.22146839609995,0.939824295637725,-0.726194603213225,-4.58944012823025e-06,-0.0217177592124105,-0.00510110588997228,-0.0472024988941073,25,-12.9595083853797
1.49,1.2308304198331,0.932580450992502,-0.72438446452225,-4.51932931894782e-06,-0.0215653568258768,-0.00506768749516475,-0.0472038700420198,25,-12.8888960314625
1.5,1.2401200955407,0.925354690527964,-0.722576046453796,-4.44993090990405e-06,-0.021413128548101,-0.00503427305204325,-0.0472052378118405,25,-12.8183116035628
1.51,1.24933760397792,0.918146996914996,-0.720769361296844,-4.38124071273208e-06,-0.0212610752980558,-0.00500086289556989,-0.0472066022065223,25,-12.7477561037224
1.52,1.258483125726,0.910957352702113,-0.718964421288308,-4.31325455304574e-06,-0.0211091979898888,-0.00496745736018587,-0.0472079632290428,25,-12.6772305326666
1.53,1.26755684119109,0.903785740315985,-0.717161238612747,-4.24596827045789e-06,-0.0209574975329051,-0.00493405677980004,-0.0472093208824033,25,-12.6067358897754
1.54,1.27655893060298,0.896632142061964,-0.715359825402096,-4.17937771859806e-06,-0.0208059748315509,-0.00490066148777743,-0.0472106751696296,25,-12.5362731730556
1.55,1.28548957401392,0.88949654012461,-0.713560193735392,-4.11347876512968e-06,-0.0206546307853972,-0.00486727181692796,-0.0472120260937713,25,-12.4658433791124
1.56,1.29434895129738,0.882378916568225,-0.7117623556385,-4.04826729176681e-06,-0.0205034662891236,-0.00483388809949512,-0.047213373657902,25,-12.3954475031218
1.57,1.30313724214691,0.875279253337387,-0.709966323083853,-3.98373919429029e-06,-0.0203524822325024,-0.00480051066714471,-0.0472147178651191,25,-12.3250865388029
1.58,1.31185462607488,0.868197532257485,-0.708172107990182,-3.91989038256342e-06,-0.0202016795003832,-0.00476713985095368,-0.0472160587185438,25,-12.2547614783902
1.59,1.32050128241135,0.861133735035262,-0.70637972222226,-3.85671678054717e-06,-0.0200510589726772,-0.00473377598139897,-0.0472173962213207,25,-12.1844733126064
1.6,1.32907739030282,0.854087843259356,-0.704589177590643,-3.79421432631478e-06,-0.0199006215243425,-0.00470041938834645,-0.0472187303766181,25,-12.1142230306355
1.61,1.33758312871112,0.847059838400842,-0.702800485851416,-3.73237897206599e-06,-0.0197503680253692,-0.00466707040103992,-0.0472200611876276,25,-12.0440116200958
1.62,1.3460186764122,0.840049701813782,-0.701013658705943,-3.67120668414064e-06,-0.0196002993407648,-0.0046337293480901,-0.0472213886575642,25,-11.9738400670133
1.63,1.35438421199494,0.833057414735776,-0.699228707800618,-3.61069344303186e-06,-0.01945041633054,-0.00460039655746382,-0.0472227127896661,25,-11.9037093557951
1.64,1.36267991386006,0.82608295828851,-0.697445644726622,-3.5508352433987e-06,-0.0193007198496947,-0.00456707235647308,-0.0472240335871945,25,-11.8336204692035
1.65,1.3709059602189,0.819126313478313,-0.695664481019679,-3.49162809407829e-06,-0.0191512107482041,-0.00453375707176437,-0.0472253510534337,25,-11.7635743883295
1.66,1.37906252909227,0.812187461196715,-0.693885228159821,-3.4330680180975e-06,-0.0190018898710056,-0.00450045102930787,-0.0472266651916909,25,-11.6935720925675
1.67,1.38714979830936,0.805266382221004,-0.69210789757115,-3.37515105268407e-06,-0.0188527580579852,-0.00446715455438687,-0.047227976005296,25,-11.6236145595893
1.68,1.39516794550654,0.798363057214788,-0.690332500621609,-3.31787324927732e-06,-0.0187038161439646,-0.00443386797158711,-0.0472292834976016,25,-11.5537027653192
1.69,1.40311714812626,0.79147746672856,-0.688559048622751,-3.26123067353825e-06,-0.0185550649586888,-0.00440059160478631,-0.047230587671983,25,-11.4838376839081
1.7,1.4109975834159,0.784609591200265,-0.686787552829514,-3.20521940535929e-06,-0.0184065053268134,-0.00436732577714369,-0.0472318885318378,25,-11.4140202877097
1.71,1.41880942842668,0.777759410955865,-0.685018024440002,-3.14983553887341e-06,-0.0182581380678927,-0.00433407081108955,-0.0472331860805861,25,-11.3442515472546
1.72,1.42655286001251,0.770926906209912,-0.68325047459526,-3.09507518246288e-06,-0.0181099639963675,-0.00430082702831496,-0.0472344803216703,25,-11.2745324312267
1.73,1.43422805482889,0.764112057066122,-0.681484914379064,-3.04093445876742e-06,-0.0179619839215536,-0.00426759474976147,-0.0472357712585548,25,-11.2048639064387
1.74,1.44183518933181,0.757314843517945,-0.679721354817705,-2.98740950469195e-06,-0.0178141986476308,-0.00423437429561094,-0.047237058894726,25,-11.1352469378081
1.75,1.44937443977665,0.750535245449147,-0.677959806879781,-2.93449647141385e-06,-0.0176666089736311,-0.00420116598527536,-0.0472383432336926,25,-11.0656824883331
1.76,1.45684598221707,0.743773242634387,-0.676200281475993,-2.88219152438963e-06,-0.0175192156934285,-0.00416797013738683,-0.0472396242789847,25,-10.9961715190698
1.77,1.46424999250394,0.737028814739798,-0.674442789458937,-2.8304908433613e-06,-0.0173720195957282,-0.00413478706978754,-0.0472409020341544,25,-10.9267149891082
1.78,1.47158664628425,0.730301941323568,-0.672687341622909,-2.77939062236209e-06,-0.0172250214640561,-0.00410161709951981,-0.0472421765027752,25,-10.8573138555496
1.79,1.47885611900005,0.723592601836531,-0.670933948703709,-2.7288870697218e-06,-0.0170782220767491,-0.00406846054281629,-0.0472434476884423,25,-10.7879690734836
1.8,1.48605858588735,0.716900775622747,-0.669182621378443,-2.67897640807163e-06,-0.0169316222069451,-0.00403531771509008,-0.0472447155947722,25,-10.7186815959653
1.81,1.49319422197506,0.710226441920094,-0.66743337026534,-2.62965487434855e-06,-0.0167852226225737,-0.00400218893092512,-0.0472459802254026,25,-10.6494523739935
1.82,1.50026320208397,0.703569579860858,-0.66568620592356,-2.58091871979917e-06,-0.0166390240863467,-0.00396907450406642,-0.0472472415839925,25,-10.5802823564882
1.83,1.50726570082563,0.696930168472328,-0.663941138853013,-2.53276420998318e-06,-0.0164930273557491,-0.00393597474741056,-0.0472484996742219,25,-10.5111724902689
1.84,1.51420189260138,0.690308186677386,-0.66219817949418,-2.48518762477631e-06,-0.0163472331830307,-0.00390288997299616,-0.0472497544997917,25,-10.442123720033
1.85,1.52107195160125,0.683703613295107,-0.660457338227934,-2.43818525837281e-06,-0.0162016423151974,-0.00386982049199442,-0.0472510060644238,25,-10.3731369883344
1.86,1.52787605180293,0.677116427041353,-0.658718625375369,-2.39175341928745e-06,-0.0160562554940029,-0.00383676661469979,-0.0472522543718606,25,-10.3042132355624
1.87,1.53461436697078,0.670546606529377,-0.656982051197627,-2.34588843035712e-06,-0.015911073455941,-0.00380372865052063,-0.0472534994258651,25,-10.2353533999213
1.88,1.54128707065478,0.663994130270419,-0.655247625895735,-2.3005866287419e-06,-0.0157660969322377,-0.00377070690797005,-0.0472547412302211,25,-10.1665584174089
1.89,1.5478943361895,0.657458976674315,-0.653515359610436,-2.25584436592569e-06,-0.015621326648844,-0.00373770169465671,-0.0472559797887324,25,-10.0978292217972
1.9,1.55443633669313,0.650941124050095,-0.651785262422035,-2.21165800771645e-06,-0.0154767633264284,-0.00370471331727579,-0.0472572151052233,25,-10.0291667446116
1.91,1.56091324506641,0.644440550606592,-0.650057344350236,-2.16802393424586e-06,-0.0153324076803706,-0.00367174208159998,-0.0472584471835382,25,-9.96057191511149
1.92,1.56732523399171,0.637957234453052,-0.648331615353992,-2.12493853996862e-06,-0.015188260420754,-0.00363878829247054,-0.0472596760275415,25,-9.89204566027044
1.93,1.57367247593197,0.631491153599739,-0.646608085331352,-2.0823982336613e-06,-0.0150443222523601,-0.00360585225378849,-0.0472609016411175,25,-9.82358890475717
1.94,1.57995514312976,0.625042285958546,-0.644886764119317,-2.0403994384207e-06,-0.0149005938746619,-0.00357293426850581,-0.0472621240281704,25,-9.75520257091635
1.95,1.58617340760627,0.618610609343609,-0.643167661493693,-1.99893859166175e-06,-0.0147570759818183,-0.00354003463861676,-0.047263343192624,25,-9.68688757874994
1.96,1.59232744116035,0.612196101471919,-0.64145078716895,-1.95801214511506e-06,-0.0146137692626682,-0.00350715366514927,-0.0472645591384217,25,-9.61864484589863
1.97,1.59841741536753,0.605798739963938,-0.639736150798086,-1.9176165648239e-06,-0.0144706744007255,-0.0034742916481564,-0.0472657718695263,25,-9.5504752876237
1.98,1.60444350157907,0.599418502344213,-0.638023761972493,-1.87774833114086e-06,-0.0143277920741737,-0.00344144888670785,-0.0472669813899201,25,-9.48237981678904
1.99,1.610405870921,0.593055366041995,-0.636313630221825,-1.83840393872398e-06,-0.0141851229558611,-0.0034086256788816,-0.0472681877036046,25,-9.41435934384342
2,1.61630469429317,0.586709308391856,-0.634605765013871,-1.79957989653249e-06,-0.0140426677132963,-0.00337582232175563,-0.0472693908146001,25,-9.34641477680315
2.01,1.6221401423683,0.580380306634312,-0.632900175754428,-1.76127272782213e-06,-0.0139004270086438,-0.00334303911139963,-0.0472705907269462,25,-9.27854702123495
2.02,1.62791238559106,0.57406833791644,-0.631196871787185,-1.72347897013997e-06,-0.01375840149872,-0.00331027634286692,-0.0472717874447014,25,-9.21075698023903
2.03,1.6336215941771,0.567773379292504,-0.629495862393599,-1.68619517531892e-06,-0.0136165918349891,-0.00327753431018631,-0.0472729809719427,25,-9.14304555443255
2.04,1.63926793811219,0.561495407724576,-0.627797156792784,-1.64941790947169e-06,-0.0134749986635601,-0.00324481330635418,-0.0472741713127659,25,-9.07541364193334
2.05,1.64485158715123,0.555234400083162,-0.626100764141399,-1.61314375298437e-06,-0.0133336226251825,-0.00321211362332652,-0.0472753584712853,25,-9.0078621383438
2.06,1.65037271081738,0.548990333147827,-0.624406693533539,-1.57736930050966e-06,-0.0131924643552442,-0.00317943555201111,-0.0472765424516337,25,-8.94039193673523
2.07,1.65583147840116,0.542763183607821,-0.622714954000629,-1.54209116095955e-06,-0.0130515244837682,-0.00314677938225981,-0.0472777232579618,25,-8.8730039276323
2.08,1.66122805895951,0.536552928062707,-0.621025554511324,-1.50730595749771e-06,-0.0129108036354099,-0.00311414540286081,-0.0472789008944389,25,-8.80569899899793
2.09,1.66656262131494,0.530359543022993,-0.61933850397141,-1.47301032753136e-06,-0.0127703024294549,-0.00308153390153114,-0.0472800753652522,25,-8.73847803621831
2.1,1.67183533405461,0.524183004910756,-0.617653811223707,-1.4392009227028e-06,-0.0126300214798171,-0.00304894516490908,-0.0472812466746067,25,-8.67134192208838
2.11,1.67704636552946,0.518023290060277,-0.615971485047978,-1.4058744088805e-06,-0.0124899613950366,-0.00301637947854677,-0.0472824148267252,25,-8.60429153679742
2.12,1.68219588385336,0.511880374718668,-0.61429153416084,-1.3730274661498e-06,-0.0123501227782781,-0.00298383712690288,-0.0472835798258483,25,-8.53732775791504
2.13,1.68728405690218,0.505754235046511,-0.612613967215679,-1.34065678880318e-06,-0.0122105062273296,-0.00295131839333532,-0.0472847416762343,25,-8.47045146037742
2.14,1.69231105231301,0.499644847118486,-0.610938792802565,-1.30875908533014e-06,-0.0120711123346014,-0.00291882356009407,-0.0472859003821585,25,-8.40366351647384
2.15,1.69727703748322,0.493552186924004,-0.609266019448173,-1.27733107840669e-06,-0.0119319416871252,-0.00288635290831408,-0.0472870559479139,25,-8.33696479583353
2.16,1.70218217956968,0.487476230367847,-0.60759565561571,-1.24636950488442e-06,-0.011792994866553,-0.00285390671800828,-0.0472882083778105,25,-8.27035616541273
2.17,1.70702664548787,0.481416953270799,-0.605927709704836,-1.21587111577922e-06,-0.0116542724491575,-0.0028214852680606,-0.0472893576761755,25,-8.20383848948217
2.18,1.71181060191108,0.475374331370283,-0.604262190051601,-1.18583267625956e-06,-0.0115157750058313,-0.00278908883621915,-0.047290503847353,25,-8.1374126296147
2.19,1.71653421526954,0.469348340320999,-0.602599104928372,-1.15625096563438e-06,-0.0113775031020873,-0.00275671769908946,-0.0472916468957039,25,-8.07107944467332
2.2,1.72119765174962,0.463338955695561,-0.600938462543772,-1.12712277734063e-06,-0.0112394572980591,-0.00272437213212779,-0.0472927868256058,25,-8.00483979079949
2.21,1.72580107729302,0.457346152985135,-0.599280271042619,-1.09844491893041e-06,-0.0111016381485011,-0.00269205240963449,-0.0472939236414531,25,-7.93869452140166
2.22,1.73034465759595,0.451369907600076,-0.597624538505871,-1.07021421205772e-06,-0.0109640462027898,-0.00265975880474757,-0.0472950573476563,25,-7.87264448714423
2.23,1.7348285581083,0.445410194870571,-0.595971272950565,-1.04242749246482e-06,-0.0108266820049247,-0.00262749158943617,-0.0472961879486426,25,-7.80669053593666
2.24,1.73925294403289,0.439466990047273,-0.594320482329774,-1.01508160996825e-06,-0.0106895460935292,-0.00259525103449428,-0.0472973154488552,25,-7.740833512923
2.25,1.74361798032464,0.433540268301947,-0.592672174532554,-9.88173428444438e-07,-0.0105526390018528,-0.00256303740953444,-0.0472984398527535,25,-7.67507426047165
2.26,1.74792383168979,0.427630004728108,-0.591026357383898,-9.61699825814949e-07,-0.010415961257772,-0.00253085098298159,-0.0472995611648128,25,-7.60941361816547
2.27,1.75217066258514,0.421736174341661,-0.5893830386447,-9.35657694031386e-07,-0.0102795133837931,-0.00249869202206694,-0.0473006793895244,25,-7.54385242279214
2.28,1.75635863721725,0.415858752081544,-0.587742226011707,-9.10043939059891e-07,-0.0101432958970534,-0.00246656079282195,-0.0473017945313952,25,-7.47839150833485
2.29,1.76048791954171,0.409997712810369,-0.586103927117493,-8.848554808653e-07,-0.0100073093093248,-0.00243445756007246,-0.0473029065949478,25,-7.41303170596331
2.29999999999999,1.76455867326234,0.404153031315065,-0.584468149530418,-8.60089253394942e-07,-0.00987155412701546,-0.00240238258743277,-0.0473040155847202,25,-7.34777384402507
2.30999999999999,1.76857106183045,0.398324682307519,-0.582834900754604,-8.35742204562062e-07,-0.00973603085117299,-0.00237033613729996,-0.0473051215052658,25,-7.28261874803707
2.31999999999999,1.77252524844412,0.39251264042522,-0.581204188229904,-8.11811296228909e-07,-0.00960073997748769,-0.00233831847084813,-0.0473062243611533,25,-7.21756724067758
2.32999999999999,1.7764213960474,0.386716880231901,-0.579576019331883,-7.88293504189455e-07,-0.00946568199629572,-0.00230632984802287,-0.0473073241569665,25,-7.15262014177846
2.33999999999999,1.78025966732965,0.380937376218183,-0.577950401371791,-7.65185818151768e-07,-0.00933085739258264,-0.00227437052753575,-0.0473084208973042,25,-7.08777826831761
2.34999999999999,1.78404022472475,0.375174102802218,-0.576327341596552,-7.42485241720046e-07,-0.00919626664598719,-0.00224244076685886,-0.0473095145867799,25,-7.02304243441188
2.35999999999999,1.78776323041042,0.36942703433033,-0.574706847188744,-7.20188792376292e-07,-0.00906191023080528,-0.00221054082221952,-0.0473106052300222,25,-6.95841345131018
2.36999999999999,1.79142884630746,0.363696145077665,-0.573088925266591,-6.98293501461658e-07,-0.00892778861599418,-0.002178670948595,-0.047311692831674,25,-6.89389212738697
2.37999999999999,1.79503723407909,0.357981409248825,-0.571473582883951,-6.76796414157447e-07,-0.00879390226517687,-0.00214683139970735,-0.0473127773963929,25,-6.82947926813598
2.38999999999999,1.79858855513023,0.352282800978522,-0.569860827030314,-6.55694589465772e-07,-0.0086602516366468,-0.00211502242801834,-0.0473138589288508,25,-6.76517567616436
2.39999999999999,1.80208297060678,0.346600294332214,-0.568250664630794,-6.34985100189893e-07,-0.00852683718337256,-0.00208324428472445,-0.0473149374337338,25,-6.70098215118705
2.40999999999999,1.80552064139497,0.340933863306753,-0.566643102546133,-6.14665032914209e-07,-0.00839365935300314,-0.00205149721975195,-0.0473160129157424,25,-6.63689949002149
2.41999999999999,1.80890172812066,0.335283481831026,-0.565038147572705,-5.94731487983936e-07,-0.00826071858787298,-0.00201978148175209,-0.0473170853795908,25,-6.57292848658265
2.42999999999999,1.81222639114865,0.3296491237666,-0.563435806442516,-5.75181579484447e-07,-0.00812801532500769,-0.00198809731809634,-0.0473181548300072,25,-6.50906993187841
2.43999999999999,1.81549479058203,0.324030762908368,-0.561836085823219,-5.56012435220297e-07,-0.00799554999612949,-0.00195644497487174,-0.0473192212717337,25,-6.44532461400517
2.44999999999999,1.81870708626149,0.318428372985187,-0.560238992318121,-5.37221196693924e-07,-0.00786332302766332,-0.00192482469687632,-0.0473202847095257,25,-6.38169331814388
2.45999999999999,1.82186343776472,0.312841927660525,-0.5586445324662,-5.18805019084036e-07,-0.00773133484074285,-0.00189323672761463,-0.0473213451481525,25,-6.31817682655631
2.46999999999999,1.82496400440569,0.307271400533104,-0.557052712742123,-5.00761071223682e-07,-0.00759958585121675,-0.0018616813092933,-0.0473224025923966,25,-6.25477591858169
2.47999999999999,1.82800894523404,0.301716765137541,-0.555463539556263,-4.83086535578007e-07,-0.00746807646965531,-0.00183015868281675,-0.0473234570470538,25,-6.19149137063364
2.48999999999999,1.83099841903446,0.296177994944994,-0.553877019254724,-4.65778608221708e-07,-0.00733680710135709,-0.00179866908778294,-0.047324508516933,25,-6.12832395619745
2.49999999999999,1.833932584326,0.2906550633638,-0.552293158119366,-4.48834498816174e-07,-0.00720577814635583,-0.00176721276247923,-0.0473255570068563,25,-6.06527444582763
2.50999999999999,1.83681159936152,0.285147943740122,-0.550711962367835,-4.32251430586329e-07,-0.00707498999942767,-0.00173578994387829,-0.0473266025216584,25,-6.00234360714585
2.51999999999999,1.83963562212701,0.279656609358586,-0.549133438153592,-4.16026640297175e-07,-0.00694444305009833,-0.00170440086763416,-0.0473276450661871,25,-5.93953220483917
2.52999999999999,1.84240481034102,0.274181033442926,-0.547557591565951,-4.00157378230027e-07,-0.00681413768265074,-0.00167304576807827,-0.0473286846453026,25,-5.87684100065858
2.53999999999999,1.84511932145402,0.268721189156625,-0.545984428630108,-3.84640908158472e-07,-0.00668407427613269,-0.00164172487821573,-0.0473297212638778,25,-5.8142707534179
2.54999999999999,1.84777931264782,0.263277049603554,-0.544413955307191,-3.69474507324016e-07,-0.00655425320436478,-0.00161043842972151,-0.0473307549267979,25,-5.75182221899295
2.55999999999999,1.85038494083498,0.257848587828611,-0.542846177494292,-3.54655466411458e-07,-0.0064246748359485,-0.00157918665293685,-0.0473317856389604,25,-5.68949615032114
2.56999999999999,1.85293636265822,0.252435776818365,-0.541281101024522,-3.40181089523966e-07,-0.00629533953427451,-0.00154796977686565,-0.0473328134052751,25,-5.6272932974013
2.57999999999999,1.85543373448982,0.247038589501695,-0.539718731667048,-3.26048694157876e-07,-0.00616624765753117,-0.00151678802917102,-0.0473338382306636,25,-5.56521440729387
2.58999999999999,1.85787721243108,0.241656998750423,-0.538159075127153,-3.12255611177212e-07,-0.00603739955871318,-0.00148564163617188,-0.0473348601200596,25,-5.50326022412143
2.59999999999999,1.86026695231173,0.236290977379961,-0.536602137046282,-2.9879918478792e-07,-0.00590879558563044,-0.00145453082283962,-0.0473358790784085,25,-5.44143148906954
2.60999999999999,1.86260310968938,0.23094049814994,-0.535047923002102,-2.85676772511833e-07,-0.00578043608091712,-0.00142345581279491,-0.0473368951106675,25,-5.37972894038796
2.61999999999999,1.86488583984895,0.225605533764854,-0.533496438508557,-2.72885745160367e-07,-0.00565232138204088,-0.00139241682830452,-0.0473379082218051,25,-5.31815331339211
2.62999999999999,1.86711529780215,0.220286056874695,-0.531947689015931,-2.60423486807937e-07,-0.00552445182131228,-0.00136141409027825,-0.0473389184168015,25,-5.25670534046493
2.63999999999999,1.8692916382869,0.214982040075585,-0.530401679910913,-2.48287394765119e-07,-0.0053968277258944,-0.00133044781826596,-0.047339925700648,25,-5.19538575105912
2.64999999999999,1.87141501576683,0.209693455910419,-0.528858416516656,-2.36474879551538e-07,-0.0052694494178126,-0.00129951823045467,-0.0473409300783472,25,-5.13419527169955
2.65999999999999,1.87348558443073,0.20442027686949,-0.527317904092854,-2.24983364868505e-07,-0.00514231721396444,-0.00126862554366573,-0.0473419315549126,25,-5.07313462598623
2.66999999999999,1.87550349819203,0.199162475391132,-0.525780147835809,-2.13810287571382e-07,-0.00501543142612993,-0.0012377699733521,-0.0473429301353689,25,-5.01220453459739
2.67999999999999,1.8774689106883,0.193920023862347,-0.524245152878503,-2.0295309764171e-07,-0.00488879236098173,-0.00120695173359566,-0.0473439258247514,25,-4.95140571529307
2.68999999999999,1.87938197528071,0.18869289461944,-0.522712924290678,-1.9240925815907e-07,-0.00476240032009564,-0.00117617103710468,-0.0473449186281061,25,-4.89073888291897
2.69999999999999,1.88124284505355,0.183481059948651,-0.521183467078912,-1.821762452727e-07,-0.00463625559996133,-0.00114542809521127,-0.0473459085504896,25,-4.83020474941063
2.70999999999999,1.88305167281373,0.178284492086784,-0.519656786186702,-1.72251548172866e-07,-0.00451035849199313,-0.00111472311786904,-0.047346895596969,25,-4.76980402379799
2.71999999999999,1.88480861109027,0.173103163221839,-0.518132886494543,-1.6263266906199e-07,-0.00438470928254101,-0.00108405631365068,-0.0473478797726217,25,-4.70953741221027
2.72999999999999,1.88651381213385,0.167937045493639,-0.516611772820022,-1.53317123125531e-07,-0.00425930825290177,-0.00105342788974579,-0.0473488610825353,25,-4.6494056178812
2.73999999999999,1.88816742791629,0.16278611099446,-0.515093449917898,-1.44302438502639e-07,-0.00413415567933038,-0.00102283805195866,-0.0473498395318074,25,-4.58940934115457
2.74999999999999,1.88976961013011,0.157650331769658,-0.513577922480199,-1.35586156256561e-07,-0.00400925183305144,-0.000992287004706206,-0.0473508151255457,25,-4.52954927949014
2.75999999999999,1.89132051018805,0.152529679818295,-0.512065195136311,-1.27165830344821e-07,-0.0038845969802709,-0.00096177495101592,-0.0473517878688677,25,-4.46982612746991
2.76999999999998,1.89282027922261,0.147424127093764,-0.510555272453077,-1.19039027589174e-07,-0.00376019138218784,-0.000931302092523983,-0.0473527577669005,25,-4.41024057680472
2.77999999999998,1.8942690680856,0.142333645504415,-0.509048158934893,-1.11203327645326e-07,-0.00363603529500651,-0.000900868629473383,-0.0473537248247809,25,-4.3507933163412
2.78999999999998,1.89566702734769,0.137258206914177,-0.507543859023806,-1.03656322972433e-07,-0.00351212896994841,-0.000870474760712152,-0.0473546890476552,25,-4.29148503206902
2.79999999999998,1.89701430729798,0.132197783143181,-0.506042377099623,-9.63956188023786e-08,-0.00338847265326459,-0.000840120683691664,-0.0473556504406791,25,-4.23231640712861
2.80999999999998,1.89831105794354,0.127152345968381,-0.504543717480009,-8.94188331088344e-08,-0.00326506658624822,-0.000809806594465026,-0.0473566090090173,25,-4.17328812181908
2.81999999999998,1.899557429009,0.122121867124175,-0.503047884420599,-8.27235965761029e-08,-0.00314191100524707,-0.000779532687685529,-0.0473575647578438,25,-4.11440085360662
2.82999999999998,1.90075356993614,0.117106318303023,-0.501554882115105,-7.63075525677486e-08,-0.00301900614167635,-0.000749299156605199,-0.0473585176923418,25,-4.05565527713317
2.83999999999998,1.90189962988343,0.112105671156069,-0.500064714695428,-7.01683570950183e-08,-0.00289635222203156,-0.000719106193073404,-0.0473594678177029,25,-3.99705206422547
2.84999999999998,1.90299575772568,0.107119897293751,-0.498577386231772,-6.43036787850557e-08,-0.0027739494679017,-0.000688953987535547,-0.0473604151391278,25,-3.93859188390447
2.85999999999998,1.90404210205358,0.102148968286424,-0.49709290073276,-5.87111988489094e-08,-0.00265179809598232,-0.000658842729031842,-0.0473613596618257,25,-3.88027540239509
2.86999999999998,1.90503881117334,0.0971928556649683,-0.495611262145554,-5.33886110493412e-08,-0.00252989831808897,-0.000628772605196154,-0.0473623013910145,25,-3.82210328313634
2.87999999999998,1.90598603310627,0.0922515309214086,-0.494132474355972,-4.83336216684342e-08,-0.00240825034117068,-0.000598743802254934,-0.0473632403319203,25,-3.76407618679177
2.88999999999998,1.90688391558843,0.0873249655095225,-0.492656541188614,-4.35439494750056e-08,-0.00228685436732366,-0.000568756505026198,-0.0473641764897775,25,-3.70619477126034
2.89999999999998,1.9077326060702,0.0824131308454526,-0.491183466406985,-3.90173256918255e-08,-0.00216571059380499,-0.000538810896918621,-0.0473651098698288,25,-3.64845969168761
2.90999999999998,1.90853225171597,0.0775159983083164,-0.489713253713621,-3.47514939626454e-08,-0.00204481921304667,-0.000508907159930678,-0.0473660404773249,25,-3.59087160047726
2.91999999999998,1.90928299940372,0.0726335392408142,-0.488245906750221,-3.07442103190389e-08,-0.00192418041266963,-0.00047904547464986,-0.0473669683175243,25,-3.53343114730303
2.92999999999998,1.90998499572467,0.0677657249498365,-0.486781429097775,-2.69932431470573e-08,-0.00180379437549793,-0.000449226020251995,-0.0473678933956934,25,-3.47613897912105
2.93999999999998,1.91063838698295,0.0629125267070695,-0.485319824276697,-2.34963731537025e-08,-0.00168366127957312,-0.000419448974500593,-0.0473688157171064,25,-3.4189957401824
2.94999999999998,1.91124331919524,0.0580739157495998,-0.483861095746965,-2.02513933332209e-08,-0.00156378129816871,-0.000389714513746319,-0.0473697352870449,25,-3.3620020720462
2.95999999999998,1.91179993809039,0.0532498632805173,-0.482405246908251,-1.72561089332196e-08,-0.00144415459980484,-0.000360022812926496,-0.047370652110798,25,-3.30515861359297
2.96999999999998,1.91230838910914,0.0484403404695167,-0.480952281100066,-1.4508337420609e-08,-0.0013247813482629,-0.000330374045564705,-0.0473715661936622,25,-3.24846600103839
2.97999999999998,1.91276881740375,0.0436453184534977,-0.479502201601895,-1.20059084473739e-08,-0.00120566170260052,-0.000300768383770451,-0.0473724775409413,25,-3.19192486794743
2.98999999999998,1.91318136783771,0.0388647683371642,-0.478055011633349,-9.74666381617546e-09,-0.00108679581716648,-0.000271205998238899,-0.047373386157946,25,-3.13553584524884
2.99999999999998,1.91354618498536,0.0340986611936212,-0.476610714354302,-7.72845744578737e-09,-0.000968183841615924,-0.000241687058250687,-0.0473742920499941,25,-3.07929956125007
3.00999999999998,1.91386341313165,0.0293469680649708,-0.475169312865039,-5.94915533636864e-09,-0.000849825920925504,-0.000212211731671804,-0.0473751952224104,25,-3.02321664165245
3.01999999999998,1.91413319627179,0.0246096599629067,-0.473730810206412,-4.40663553457559e-09,-0.000731722195408845,-0.000182780184953548,-0.0473760956805262,2.5,0
3.02999999999998,1.91434866880779,0.0184848472370618,-0.612481272584486,-3.09878809851583e-09,-0.000613872800731966,-0.0144435111585155,-0.0473769934296796,2.5,-302.849289031165
3.03999999999998,1.91450472537074,0.0127264653530587,-0.575838188400318,-1.74828561803758e-09,-0.000461353747072304,-0.0108595921336278,-0.047378154144747,2.5,-296.263109531236
3.04999999999998,1.91460492391862,0.00731324422199951,-0.541322113105914,-8.28697926736655e-10,-0.000317802087204258,-0.00748359517857434,-0.0473792454433333,2.5,-290.069887202557
